epoch,train_loss,train_acc,val_loss,val_acc,val_f1,lr,time_s,is_best
1,1.181310,0.413471,0.933628,0.610329,0.529966,1.0e-03,1.4,1
2,0.637963,0.758641,0.523998,0.804695,0.766912,1.0e-03,0.5,1
3,0.449888,0.825402,0.429782,0.827230,0.795026,1.0e-03,0.5,1
4,0.393626,0.856061,0.389147,0.864789,0.847167,1.0e-03,0.5,1
5,0.349935,0.876065,0.351280,0.865728,0.847742,1.0e-03,0.5,1
6,0.330593,0.885180,0.333202,0.881690,0.868310,1.0e-03,0.5,1
7,0.311263,0.895360,0.319421,0.892958,0.884185,1.0e-03,0.5,1
8,0.296183,0.898438,0.305658,0.891080,0.879711,1.0e-03,0.5,1
9,0.283983,0.906487,0.282179,0.908920,0.899997,1.0e-03,0.4,1
10,0.270421,0.913116,0.275919,0.907042,0.898823,1.0e-03,0.5,1
11,0.261921,0.912050,0.261568,0.911737,0.903856,1.0e-03,0.5,1
12,0.249603,0.918797,0.259271,0.903286,0.894132,1.0e-03,0.5,1
13,0.238180,0.921757,0.259548,0.911737,0.904049,1.0e-03,0.4,0
14,0.236644,0.921638,0.243984,0.911737,0.903691,1.0e-03,0.4,1
15,0.222308,0.927557,0.244318,0.912676,0.904497,1.0e-03,0.4,0
16,0.216237,0.929451,0.239564,0.907981,0.898323,1.0e-03,0.4,1
17,0.230282,0.921757,0.226975,0.921127,0.913807,1.0e-03,0.4,1
18,0.206762,0.932884,0.229725,0.918310,0.911010,1.0e-03,0.4,0
19,0.204769,0.933594,0.224506,0.923005,0.916095,1.0e-03,0.4,1
20,0.200037,0.934304,0.238422,0.909859,0.900395,1.0e-03,0.4,0
21,0.198984,0.935606,0.225701,0.918310,0.911304,1.0e-03,0.5,0
22,0.196958,0.935488,0.237239,0.910798,0.900115,1.0e-03,0.4,0
23,0.194080,0.936198,0.221487,0.923944,0.916381,1.0e-03,0.4,1
24,0.188131,0.939394,0.216984,0.921127,0.913873,1.0e-03,0.4,1
25,0.187657,0.937618,0.223909,0.916432,0.907566,1.0e-03,0.4,0
26,0.185209,0.939276,0.235606,0.917371,0.909554,1.0e-03,0.4,0
27,0.182492,0.939867,0.214139,0.921127,0.913349,1.0e-03,0.4,1
28,0.177253,0.942116,0.211859,0.923005,0.915107,1.0e-03,0.4,1
29,0.178360,0.941761,0.219775,0.921127,0.913305,1.0e-03,0.5,0
30,0.175796,0.943300,0.209831,0.930516,0.924122,1.0e-03,0.4,1
31,0.174318,0.944247,0.206361,0.926761,0.920044,1.0e-03,0.4,1
32,0.172939,0.942235,0.207261,0.928638,0.922464,1.0e-03,0.4,0
33,0.170661,0.943774,0.208958,0.932394,0.926521,1.0e-03,0.5,0
34,0.167570,0.943537,0.202116,0.926761,0.920052,1.0e-03,0.5,1
35,0.168496,0.943537,0.198233,0.933333,0.927299,1.0e-03,-0.7,1
36,0.166587,0.943892,0.202742,0.924883,0.917624,1.0e-03,0.4,0
37,0.163262,0.946259,0.200216,0.926761,0.919947,1.0e-03,0.4,0
38,0.162998,0.946733,0.207831,0.929577,0.923608,1.0e-03,0.4,0
39,0.163132,0.945076,0.207557,0.927700,0.920978,1.0e-03,0.5,0
40,0.162316,0.947562,0.190499,0.932394,0.926835,1.0e-03,0.5,1
41,0.157189,0.947325,0.206762,0.927700,0.920308,1.0e-03,0.5,0
42,0.160311,0.947798,0.203409,0.931455,0.924207,1.0e-03,0.5,0
43,0.157275,0.949574,0.192053,0.932394,0.925947,1.0e-03,0.4,0
44,0.154064,0.949100,0.190612,0.931455,0.925453,1.0e-03,0.4,0
45,0.162428,0.945431,0.203547,0.931455,0.925858,1.0e-03,0.5,0
46,0.159752,0.946970,0.207740,0.918310,0.909840,1.0e-03,0.4,0
47,0.154227,0.949929,0.186880,0.931455,0.925668,1.0e-03,0.4,1
48,0.151454,0.950166,0.183427,0.934272,0.928988,1.0e-03,0.4,1
49,0.150620,0.950758,0.186804,0.931455,0.925280,1.0e-03,0.5,0
50,0.148902,0.949811,0.202499,0.927700,0.921026,1.0e-03,0.4,0
51,0.141833,0.953954,0.181458,0.932394,0.926631,1.0e-04,0.4,1
52,0.139908,0.954901,0.180801,0.937089,0.931930,1.0e-04,0.4,1
53,0.139298,0.953954,0.181653,0.932394,0.926595,1.0e-04,0.4,0
54,0.139053,0.953480,0.182938,0.932394,0.926320,1.0e-04,0.5,0
55,0.138925,0.955611,0.180007,0.932394,0.926697,1.0e-04,0.4,1
56,0.137902,0.955137,0.180543,0.934272,0.928320,1.0e-04,0.4,0
57,0.138256,0.954782,0.180283,0.933333,0.927667,1.0e-04,0.4,0
58,0.137363,0.955374,0.180073,0.934272,0.928320,1.0e-04,0.5,0
59,0.137886,0.953954,0.181443,0.932394,0.926370,1.0e-04,0.5,0
60,0.138453,0.955374,0.179630,0.933333,0.927503,1.0e-04,0.5,1
61,0.138309,0.954190,0.180006,0.934272,0.928575,1.0e-04,0.5,0
62,0.137267,0.955374,0.180402,0.933333,0.927445,1.0e-04,0.5,0
63,0.137256,0.953954,0.180411,0.932394,0.926386,1.0e-04,0.5,0
64,0.137790,0.955729,0.179743,0.933333,0.927667,1.0e-04,0.5,0
65,0.137589,0.954901,0.179872,0.931455,0.925506,1.0e-04,0.5,0
66,0.137151,0.955729,0.180259,0.931455,0.925476,1.0e-04,0.4,0
67,0.137274,0.955374,0.179665,0.938967,0.933856,1.0e-04,0.4,0
68,0.138152,0.954664,0.179026,0.933333,0.927445,1.0e-04,0.5,1
69,0.136382,0.955611,0.179258,0.934272,0.928831,1.0e-04,0.5,0
70,0.136146,0.954309,0.178682,0.935211,0.929584,1.0e-04,0.5,1
71,0.137692,0.954901,0.179226,0.937089,0.931657,1.0e-04,0.5,0
72,0.135978,0.953835,0.179755,0.933333,0.927743,1.0e-04,0.5,0
73,0.135186,0.955966,0.179517,0.935211,0.929921,1.0e-04,0.5,0
74,0.134759,0.955966,0.179254,0.932394,0.926630,1.0e-04,0.5,0
75,0.136345,0.955137,0.178180,0.936150,0.930501,1.0e-04,0.5,1
76,0.135537,0.956321,0.179439,0.931455,0.925311,1.0e-04,0.4,0
77,0.135784,0.955729,0.178782,0.935211,0.929552,1.0e-04,0.5,0
78,0.136409,0.955966,0.178339,0.937089,0.931768,1.0e-04,0.5,0
79,0.135328,0.956321,0.178340,0.935211,0.929819,1.0e-04,0.5,0
80,0.135333,0.955729,0.178478,0.932394,0.926416,1.0e-04,0.4,0
81,0.134791,0.955729,0.179132,0.934272,0.928788,1.0e-04,0.5,0
82,0.135781,0.954782,0.181616,0.934272,0.928440,1.0e-04,0.5,0
83,0.135117,0.955611,0.178875,0.933333,0.927700,1.0e-04,0.5,0
84,0.135371,0.955848,0.178615,0.932394,0.926579,1.0e-04,0.5,0
85,0.134770,0.956203,0.180047,0.933333,0.927263,1.0e-04,0.5,0
86,0.134481,0.956439,0.179522,0.934272,0.928320,1.0e-04,0.5,0
87,0.134302,0.956321,0.178081,0.937089,0.931496,1.0e-04,0.5,1
88,0.135203,0.956558,0.178440,0.937089,0.931496,1.0e-04,0.5,0
89,0.133659,0.956676,0.179619,0.935211,0.929455,1.0e-04,0.5,0
90,0.134046,0.956439,0.178240,0.936150,0.930427,1.0e-04,0.5,0
91,0.135651,0.955729,0.178370,0.935211,0.929455,1.0e-04,0.5,0
92,0.133328,0.956795,0.178026,0.935211,0.929532,1.0e-04,0.5,1
93,0.133729,0.957386,0.180741,0.934272,0.928527,1.0e-04,0.5,0
94,0.133704,0.955492,0.179385,0.935211,0.929427,1.0e-04,0.5,0
95,0.134269,0.957150,0.179129,0.935211,0.929364,1.0e-04,0.5,0
96,0.133356,0.956676,0.179320,0.941784,0.936883,1.0e-04,0.5,0
97,0.133716,0.956558,0.178914,0.934272,0.928386,1.0e-04,0.5,0
98,0.133399,0.956321,0.177537,0.934272,0.928440,1.0e-04,0.5,1
99,0.131760,0.956558,0.178369,0.935211,0.929769,1.0e-04,0.5,0
100,0.132577,0.955966,0.177717,0.937089,0.931527,1.0e-04,0.6,0
