EARLY_POWER_ESTIMATOR_FILE_FORMAT_VERSION,6
QUARTUS_II_VERSION,25.1std.0 Build 1129 10/21/2025 SC Lite Edition
PROJECT,"jtag_top"
REVISION,"jtag_top"
PROJECT_FILE,"D:/Thesis101/hardware/fpga/jtag_top.qpf"
TIME,"Mon Aug  3 01:29:05 2026"
TIME_SECONDS,"1785695345"
FAMILY,"Cyclone V"
DEVICE,"5CSXFC6"
PACKAGE,"FBGA"
PART,"5CSXFC6D6F31C6"
POWER_USE_DEVICE_CHARACTERISTICS,"TYPICAL"
POWER_AUTO_COMPUTE_TJ,"ON"
POWER_TJ_VALUE,"25"
POWER_USE_CUSTOM_COOLING_SOLUTION,"OFF"
POWER_HPS_PROC_FREQ,"0.000000"
MIN_JUNCTION_TEMPERATURE,"0"
MAX_JUNCTION_TEMPERATURE,"85"
POWER_PRESET_COOLING_SOLUTION,"23 MM HEAT SINK WITH 200 LFPM AIRFLOW"
POWER_BOARD_THERMAL_MODEL,"NONE (CONSERVATIVE)"
POWER_USE_TA_VALUE,"25.00"
POWER_BOARD_TEMPERATURE,"-1.00"
POWER_OJC_VALUE,"2.30"
POWER_OCS_VALUE,"0.10"
POWER_OSA_VALUE,"2.10"
POWER_OJB_VALUE,"-1.00"
VCCIO,,B2L,0.00,B1L,0.00,B0L,0.00,3A,2.50,3B,3.30,4A,3.30,5A,2.50,5B,2.50,6B,2.50,6A,2.50,7A,2.50,7B,2.50,7C,2.50,7D,2.50,8A,2.50,9A,0.00,
VCCPD,,B2L,0.00,B1L,0.00,B0L,0.00,3A,2.50,3B,3.30,4A,3.30,5A,2.50,5B,2.50,6B,2.50,6A,2.50,7A,2.50,7B,2.50,7C,2.50,7D,2.50,8A,2.50,9A,0.00,
VCCIO_HPS,,B2L,0.00,B1L,0.00,B0L,0.00,3A,0.00,3B,0.00,4A,0.00,5A,0.00,5B,0.00,6B,0.00,6A,0.00,7A,0.00,7B,0.00,7C,0.00,7D,0.00,8A,0.00,9A,0.00,
VCCPD_HPS,,B2L,0.00,B1L,0.00,B0L,0.00,3A,0.00,3B,0.00,4A,0.00,5A,0.00,5B,0.00,6B,0.00,6A,0.00,7A,0.00,7B,0.00,7C,0.00,7D,0.00,8A,0.00,9A,0.00,
RAIL_VOLTAGES,,VCC,1.100,VCCA_FPLL,2.500,VCCPGM,1.800,VCCBAT,1.200,VCCE_GXBL,0.000,VCCL_GXBL,0.000,VCCH_GXBL,0.000,VCCAUX,2.500,VCC_HPS,1.100,VCCRSTCLK_HPS,1.800,VCCPLL_HPS,2.500,VCCAUX_SHARED,2.500,


BLOCK,M10K block,count,8,ram_mode,"Simple Dual Port",ram_read_during_write,"new",ram_porta_fmax,"100",ram_porta_data_width,"20",ram_porta_addr_width,"9",ram_porta_depth,"512",ram_porta_ena_static_prob,"1.000000",ram_porta_write_ena_static_prob,"0.125000",ram_porta_read_ena_static_prob,"0.000000",avg_ram_porta_output_toggle_ratio,"0.000000",ram_portb_fmax,"100",ram_portb_data_width,"20",ram_portb_addr_width,"9",ram_portb_ena_static_prob,"1.000000",ram_portb_write_ena_static_prob,"0.000000",ram_portb_read_ena_static_prob,"1.000000",avg_ram_portb_output_toggle_ratio,"0.055801"
BLOCK,M10K block,count,4,ram_mode,"Simple Dual Port",ram_read_during_write,"new",ram_porta_fmax,"100",ram_porta_data_width,"2",ram_porta_addr_width,"12",ram_porta_depth,"4096",ram_porta_ena_static_prob,"1.000000",ram_porta_write_ena_static_prob,"0.500000",ram_porta_read_ena_static_prob,"0.000000",avg_ram_porta_output_toggle_ratio,"0.000000",ram_portb_fmax,"100",ram_portb_data_width,"2",ram_portb_addr_width,"12",ram_portb_ena_static_prob,"1.000000",ram_portb_write_ena_static_prob,"0.000000",ram_portb_read_ena_static_prob,"1.000000",avg_ram_portb_output_toggle_ratio,"0.001859"
BLOCK,M10K block,count,1,ram_mode,"Simple Dual Port",ram_read_during_write,"new",ram_porta_fmax,"100",ram_porta_data_width,"40",ram_porta_addr_width,"6",ram_porta_depth,"64",ram_porta_ena_static_prob,"1.000000",ram_porta_write_ena_static_prob,"0.250000",ram_porta_read_ena_static_prob,"0.000000",avg_ram_porta_output_toggle_ratio,"0.000000",ram_portb_fmax,"100",ram_portb_data_width,"40",ram_portb_addr_width,"6",ram_portb_ena_static_prob,"1.000000",ram_portb_write_ena_static_prob,"0.000000",ram_portb_read_ena_static_prob,"1.000000",avg_ram_portb_output_toggle_ratio,"0.125000"
BLOCK,DSP block,count,8,avg_toggle_rate,"50000000.000000",avg_toggle_rate_ratio,"0.500000",avg_fanout,"1.000000",fmax,"100",dsp_mode,"9X9",input_reg_used,"1",output_reg_used,"1",coef_used,"0",preadder_used,"0",chainout_used,"0"
BLOCK,DSP block,count,16,avg_toggle_rate,"50000000.000000",avg_toggle_rate_ratio,"0.500000",avg_fanout,"1.000000",fmax,"100",dsp_mode,"18X18 Sum-of-2",input_reg_used,"1",output_reg_used,"1",coef_used,"0",preadder_used,"0",chainout_used,"0"
BLOCK,DSP block,count,4,avg_toggle_rate,"26562500.000000",avg_toggle_rate_ratio,"0.265625",avg_fanout,"1.000000",fmax,"100",dsp_mode,"9X9",input_reg_used,"1",output_reg_used,"0",coef_used,"0",preadder_used,"0",chainout_used,"0"
BLOCK,Combinational cell,count,5,avg_toggle_rate,"1.000000",avg_toggle_rate_ratio,"0.000000",avg_fanout,"6.600000",fmax,"0"
BLOCK,Combinational cell,count,381,avg_toggle_rate,"2477760.121447",avg_toggle_rate_ratio,"0.082591",avg_fanout,"2.364829",fmax,"30.0003"
BLOCK,Combinational cell,count,3025,avg_toggle_rate,"8309395.706858",avg_toggle_rate_ratio,"0.083094",avg_fanout,"3.118678",fmax,"100"
BLOCK,Clock enable block,count,1,avg_toggle_rate,"200000000.000000",avg_toggle_rate_ratio,"2.000000",avg_fanout,"3228.000000",fmax,"100",global_type,"GCLK",global_clk_ena_static_prob,"1",global_type_usage,"Clock",num_raw_fanout,"3228",num_lc_comb_fanout,"0",num_lc_ff_fanout,"3187",sum_lc_ff_clkena_static_prob,"2541.83",avg_lc_ff_clk_ena_static_prob,"0.797561",num_pin_fanout,"0",num_m512_fanout,"0",num_m9k_fanout,"13",num_m144k_fanout,"0",num_mlab_fanout,"0",num_dsp_fanout,"0",num_dsp9x9_fanout,"0",num_misc_fanout,"28"
BLOCK,Register cell,count,332,avg_toggle_rate,"3750037.500000",avg_toggle_rate_ratio,"0.125000",avg_fanout,"3.740964",fmax,"30.0003"
BLOCK,Register cell,count,3187,avg_toggle_rate,"12500000.000000",avg_toggle_rate_ratio,"0.125000",avg_fanout,"3.596486",fmax,"100"
BLOCK,I/O pad,count,1,avg_toggle_rate,"0.000000",avg_toggle_rate_ratio,"0.000000",avg_fanout,"1.000000",fmax,"0",io_mode,"INPUT_PIN",output_load,"0",io_standard,"LVTTL",drive_strength,"DEFAULT",is_ddr,"0",input_termination,"OFF",output_termination,"OFF",output_termination_sp,"0",output_ena_static_prob,"0",vod,"-1",slew_rate,"-1"
BLOCK,I/O pad,count,1,avg_toggle_rate,"100000000.000000",avg_toggle_rate_ratio,"2.000000",avg_fanout,"1.000000",fmax,"50",io_mode,"INPUT_PIN",output_load,"0",io_standard,"LVTTL",drive_strength,"DEFAULT",is_ddr,"0",input_termination,"OFF",output_termination,"OFF",output_termination_sp,"0",output_ena_static_prob,"0",vod,"-1",slew_rate,"-1"
BLOCK,Fractional PLL,count,1,pll_type,"FAST",pll_is_lvds,"0",pll_dpa_buses,"0",pll_output_max_freq,"100",pll_nominal_vco_freq,"300.03"
